match_info_id,stage_id,stage_name,group,round_label,china_date,china_time,china_datetime,weekday_cn,home_team,away_team,match_status,venue,city,country,source_match_time_raw
5403396,232934,小组赛,A,,2026-06-12,03:00,2026-06-12 03:00:00,星期五,墨西哥,南非,3,墨西哥城体育场,,,1781204400000
5403397,232934,小组赛,A,,2026-06-12,10:00,2026-06-12 10:00:00,星期五,韩国,捷克,3,瓜达拉哈拉体育场,,,1781229600000
5403398,232934,小组赛,B,,2026-06-13,03:00,2026-06-13 03:00:00,星期六,加拿大,波黑,1,多伦多体育场,,,1781290800000
5403399,232934,小组赛,D,,2026-06-13,09:00,2026-06-13 09:00:00,星期六,美国,巴拉圭,1,洛杉矶体育场,,,1781312400000
5403400,232934,小组赛,B,,2026-06-14,03:00,2026-06-14 03:00:00,星期日,卡塔尔,瑞士,1,旧金山湾区体育场,,,1781377200000
5403401,232934,小组赛,C,,2026-06-14,06:00,2026-06-14 06:00:00,星期日,巴西,摩洛哥,1,纽约/新泽西体育场,,,1781388000000
5403402,232934,小组赛,C,,2026-06-14,09:00,2026-06-14 09:00:00,星期日,海地,苏格兰,1,波士顿体育场,,,1781398800000
5403403,232934,小组赛,D,,2026-06-14,12:00,2026-06-14 12:00:00,星期日,澳大利亚,土耳其,1,不列颠哥伦比亚广场,,,1781409600000
5403404,232934,小组赛,E,,2026-06-15,01:00,2026-06-15 01:00:00,星期一,德国,库拉索,1,休斯顿体育场,,,1781456400000
5403405,232934,小组赛,F,,2026-06-15,04:00,2026-06-15 04:00:00,星期一,荷兰,日本,1,达拉斯体育场,,,1781467200000
5403406,232934,小组赛,E,,2026-06-15,07:00,2026-06-15 07:00:00,星期一,科特迪瓦,厄瓜多尔,1,费城体育场,,,1781478000000
5403407,232934,小组赛,F,,2026-06-15,10:00,2026-06-15 10:00:00,星期一,瑞典,突尼斯,1,蒙特雷体育场,,,1781488800000
5403408,232934,小组赛,H,,2026-06-16,00:00,2026-06-16 00:00:00,星期二,西班牙,佛得角,1,亚特兰大体育场,,,1781539200000
5403409,232934,小组赛,G,,2026-06-16,03:00,2026-06-16 03:00:00,星期二,比利时,埃及,1,西雅图体育场,,,1781550000000
5403410,232934,小组赛,H,,2026-06-16,06:00,2026-06-16 06:00:00,星期二,沙特,乌拉圭,1,迈阿密体育场,,,1781560800000
5403411,232934,小组赛,G,,2026-06-16,09:00,2026-06-16 09:00:00,星期二,伊朗,新西兰,1,洛杉矶体育场,,,1781571600000
5403412,232934,小组赛,I,,2026-06-17,03:00,2026-06-17 03:00:00,星期三,法国,塞内加尔,1,纽约/新泽西体育场,,,1781636400000
5403413,232934,小组赛,I,,2026-06-17,06:00,2026-06-17 06:00:00,星期三,伊拉克,挪威,1,波士顿体育场,,,1781647200000
5403414,232934,小组赛,J,,2026-06-17,09:00,2026-06-17 09:00:00,星期三,阿根廷,阿尔及利,1,堪萨斯城体育场,,,1781658000000
5403415,232934,小组赛,J,,2026-06-17,12:00,2026-06-17 12:00:00,星期三,奥地利,约旦,1,旧金山湾区体育场,,,1781668800000
5403416,232934,小组赛,K,,2026-06-18,01:00,2026-06-18 01:00:00,星期四,葡萄牙,民主刚果,1,休斯顿体育场,,,1781715600000
5403417,232934,小组赛,L,,2026-06-18,04:00,2026-06-18 04:00:00,星期四,英格兰,克罗地亚,1,达拉斯体育场,,,1781726400000
5403418,232934,小组赛,L,,2026-06-18,07:00,2026-06-18 07:00:00,星期四,加纳,巴拿马,1,多伦多体育场,,,1781737200000
5403419,232934,小组赛,K,,2026-06-18,10:00,2026-06-18 10:00:00,星期四,乌兹别克,哥伦比亚,1,墨西哥城体育场,,,1781748000000
5403420,232934,小组赛,A,,2026-06-19,00:00,2026-06-19 00:00:00,星期五,捷克,南非,1,亚特兰大体育场,,,1781798400000
5403421,232934,小组赛,B,,2026-06-19,03:00,2026-06-19 03:00:00,星期五,瑞士,波黑,1,洛杉矶体育场,,,1781809200000
5403422,232934,小组赛,B,,2026-06-19,06:00,2026-06-19 06:00:00,星期五,加拿大,卡塔尔,1,不列颠哥伦比亚广场,,,1781820000000
5403423,232934,小组赛,A,,2026-06-19,09:00,2026-06-19 09:00:00,星期五,墨西哥,韩国,1,瓜达拉哈拉体育场,,,1781830800000
5403424,232934,小组赛,D,,2026-06-20,03:00,2026-06-20 03:00:00,星期六,美国,澳大利亚,1,西雅图体育场,,,1781895600000
5403425,232934,小组赛,C,,2026-06-20,06:00,2026-06-20 06:00:00,星期六,苏格兰,摩洛哥,1,波士顿体育场,,,1781906400000
5403426,232934,小组赛,C,,2026-06-20,08:30,2026-06-20 08:30:00,星期六,巴西,海地,1,费城体育场,,,1781915400000
5403427,232934,小组赛,D,,2026-06-20,11:00,2026-06-20 11:00:00,星期六,土耳其,巴拉圭,1,旧金山湾区体育场,,,1781924400000
5403428,232934,小组赛,F,,2026-06-21,01:00,2026-06-21 01:00:00,星期日,荷兰,瑞典,1,休斯顿体育场,,,1781974800000
5403429,232934,小组赛,E,,2026-06-21,04:00,2026-06-21 04:00:00,星期日,德国,科特迪瓦,1,多伦多体育场,,,1781985600000
5403430,232934,小组赛,E,,2026-06-21,08:00,2026-06-21 08:00:00,星期日,厄瓜多尔,库拉索,1,堪萨斯城体育场,,,1782000000000
5403431,232934,小组赛,F,,2026-06-21,12:00,2026-06-21 12:00:00,星期日,突尼斯,日本,1,蒙特雷体育场,,,1782014400000
5403432,232934,小组赛,H,,2026-06-22,00:00,2026-06-22 00:00:00,星期一,西班牙,沙特,1,亚特兰大体育场,,,1782057600000
5403433,232934,小组赛,G,,2026-06-22,03:00,2026-06-22 03:00:00,星期一,比利时,伊朗,1,洛杉矶体育场,,,1782068400000
5403434,232934,小组赛,H,,2026-06-22,06:00,2026-06-22 06:00:00,星期一,乌拉圭,佛得角,1,硬石体育场,,,1782079200000
5403435,232934,小组赛,G,,2026-06-22,09:00,2026-06-22 09:00:00,星期一,新西兰,埃及,1,不列颠哥伦比亚广场,,,1782090000000
5403436,232934,小组赛,J,,2026-06-23,01:00,2026-06-23 01:00:00,星期二,阿根廷,奥地利,1,达拉斯体育场,,,1782147600000
5403437,232934,小组赛,I,,2026-06-23,05:00,2026-06-23 05:00:00,星期二,法国,伊拉克,1,费城体育场,,,1782162000000
5403438,232934,小组赛,I,,2026-06-23,08:00,2026-06-23 08:00:00,星期二,挪威,塞内加尔,1,纽约/新泽西体育场,,,1782172800000
5403439,232934,小组赛,J,,2026-06-23,11:00,2026-06-23 11:00:00,星期二,约旦,阿尔及利,1,旧金山湾区体育场,,,1782183600000
5403440,232934,小组赛,K,,2026-06-24,01:00,2026-06-24 01:00:00,星期三,葡萄牙,乌兹别克,1,休斯顿体育场,,,1782234000000
5403441,232934,小组赛,L,,2026-06-24,04:00,2026-06-24 04:00:00,星期三,英格兰,加纳,1,波士顿体育场,,,1782244800000
5403442,232934,小组赛,L,,2026-06-24,07:00,2026-06-24 07:00:00,星期三,巴拿马,克罗地亚,1,多伦多体育场,,,1782255600000
5403443,232934,小组赛,K,,2026-06-24,10:00,2026-06-24 10:00:00,星期三,哥伦比亚,民主刚果,1,瓜达拉哈拉体育场,,,1782266400000
5403444,232934,小组赛,B,,2026-06-25,03:00,2026-06-25 03:00:00,星期四,瑞士,加拿大,1,不列颠哥伦比亚广场,,,1782327600000
5403445,232934,小组赛,B,,2026-06-25,03:00,2026-06-25 03:00:00,星期四,波黑,卡塔尔,1,西雅图体育场,,,1782327600000
5403446,232934,小组赛,C,,2026-06-25,06:00,2026-06-25 06:00:00,星期四,苏格兰,巴西,1,硬石体育场,,,1782338400000
5403447,232934,小组赛,C,,2026-06-25,06:00,2026-06-25 06:00:00,星期四,摩洛哥,海地,1,亚特兰大体育场,,,1782338400000
5403448,232934,小组赛,A,,2026-06-25,09:00,2026-06-25 09:00:00,星期四,捷克,墨西哥,1,墨西哥城体育场,,,1782349200000
5403449,232934,小组赛,A,,2026-06-25,09:00,2026-06-25 09:00:00,星期四,南非,韩国,1,蒙特雷体育场,,,1782349200000
5403450,232934,小组赛,E,,2026-06-26,04:00,2026-06-26 04:00:00,星期五,厄瓜多尔,德国,1,纽约/新泽西体育场,,,1782417600000
5403451,232934,小组赛,E,,2026-06-26,04:00,2026-06-26 04:00:00,星期五,库拉索,科特迪瓦,1,费城体育场,,,1782417600000
5403452,232934,小组赛,F,,2026-06-26,07:00,2026-06-26 07:00:00,星期五,突尼斯,荷兰,1,堪萨斯城体育场,,,1782428400000
5403453,232934,小组赛,F,,2026-06-26,07:00,2026-06-26 07:00:00,星期五,日本,瑞典,1,达拉斯体育场,,,1782428400000
5403454,232934,小组赛,D,,2026-06-26,10:00,2026-06-26 10:00:00,星期五,土耳其,美国,1,洛杉矶体育场,,,1782439200000
5403455,232934,小组赛,D,,2026-06-26,10:00,2026-06-26 10:00:00,星期五,巴拉圭,澳大利亚,1,旧金山湾区体育场,,,1782439200000
5403456,232934,小组赛,I,,2026-06-27,03:00,2026-06-27 03:00:00,星期六,挪威,法国,1,波士顿体育场,,,1782500400000
5403457,232934,小组赛,I,,2026-06-27,03:00,2026-06-27 03:00:00,星期六,塞内加尔,伊拉克,1,多伦多体育场,,,1782500400000
5403458,232934,小组赛,H,,2026-06-27,08:00,2026-06-27 08:00:00,星期六,乌拉圭,西班牙,1,瓜达拉哈拉体育场,,,1782518400000
5403459,232934,小组赛,H,,2026-06-27,08:00,2026-06-27 08:00:00,星期六,佛得角,沙特,1,休斯顿体育场,,,1782518400000
5403460,232934,小组赛,G,,2026-06-27,11:00,2026-06-27 11:00:00,星期六,新西兰,比利时,1,不列颠哥伦比亚广场,,,1782529200000
5403461,232934,小组赛,G,,2026-06-27,11:00,2026-06-27 11:00:00,星期六,埃及,伊朗,1,西雅图体育场,,,1782529200000
5403462,232934,小组赛,L,,2026-06-28,05:00,2026-06-28 05:00:00,星期日,巴拿马,英格兰,1,纽约/新泽西体育场,,,1782594000000
5403463,232934,小组赛,L,,2026-06-28,05:00,2026-06-28 05:00:00,星期日,克罗地亚,加纳,1,费城体育场,,,1782594000000
5403464,232934,小组赛,K,,2026-06-28,07:30,2026-06-28 07:30:00,星期日,哥伦比亚,葡萄牙,1,硬石体育场,,,1782603000000
5403465,232934,小组赛,K,,2026-06-28,07:30,2026-06-28 07:30:00,星期日,民主刚果,乌兹别克,1,亚特兰大体育场,,,1782603000000
5403466,232934,小组赛,J,,2026-06-28,10:00,2026-06-28 10:00:00,星期日,约旦,阿根廷,1,达拉斯体育场,,,1782612000000
5403467,232934,小组赛,J,,2026-06-28,10:00,2026-06-28 10:00:00,星期日,阿尔及利,奥地利,1,堪萨斯城体育场,,,1782612000000
5403468,232927,1/16决赛,,,2026-06-29,03:00,2026-06-29 03:00:00,星期一,A2,B2,1,洛杉矶体育场,,,1782673200000
5403469,232927,1/16决赛,,,2026-06-30,01:00,2026-06-30 01:00:00,星期二,C1,F2,1,休斯顿体育场,,,1782752400000
5403470,232927,1/16决赛,,,2026-06-30,04:30,2026-06-30 04:30:00,星期二,E1,A3/B3/C3/D3/F3,1,波士顿体育场,,,1782765000000
5403471,232927,1/16决赛,,,2026-06-30,09:00,2026-06-30 09:00:00,星期二,F1,C2,1,蒙特雷体育场,,,1782781200000
5403472,232927,1/16决赛,,,2026-07-01,01:00,2026-07-01 01:00:00,星期三,E2,I2,1,达拉斯体育场,,,1782838800000
5403473,232927,1/16决赛,,,2026-07-01,05:00,2026-07-01 05:00:00,星期三,I1,C3/D3/F3/G3/H3,1,纽约/新泽西体育场,,,1782853200000
5403474,232927,1/16决赛,,,2026-07-01,09:00,2026-07-01 09:00:00,星期三,A1,C3/E3/F3/H3/I3,1,墨西哥城体育场,,,1782867600000
5403475,232927,1/16决赛,,,2026-07-02,00:00,2026-07-02 00:00:00,星期四,L1,E3/H3/I3/J3/K3,1,亚特兰大体育场,,,1782921600000
5403476,232927,1/16决赛,,,2026-07-02,04:00,2026-07-02 04:00:00,星期四,G1,A3/E3/H3/I3/J3,1,西雅图体育场,,,1782936000000
5403477,232927,1/16决赛,,,2026-07-02,08:00,2026-07-02 08:00:00,星期四,D1,B3/E3/F3/I3/J3,1,旧金山湾区体育场,,,1782950400000
5403478,232927,1/16决赛,,,2026-07-03,03:00,2026-07-03 03:00:00,星期五,H1,J2,1,洛杉矶体育场,,,1783018800000
5403479,232927,1/16决赛,,,2026-07-03,07:00,2026-07-03 07:00:00,星期五,K2,L2,1,多伦多体育场,,,1783033200000
5403480,232927,1/16决赛,,,2026-07-03,11:00,2026-07-03 11:00:00,星期五,B1,E3/F3/G3/I3/J3,1,不列颠哥伦比亚广场,,,1783047600000
5403481,232927,1/16决赛,,,2026-07-04,02:00,2026-07-04 02:00:00,星期六,D2,G2,1,达拉斯体育场,,,1783101600000
5403482,232927,1/16决赛,,,2026-07-04,06:00,2026-07-04 06:00:00,星期六,J1,H2,1,迈阿密体育场,,,1783116000000
5403483,232927,1/16决赛,,,2026-07-04,09:30,2026-07-04 09:30:00,星期六,K1,D3/E3/I3/J3/L3,1,堪萨斯城体育场,,,1783128600000
5403484,232928,1/8决赛,,,2026-07-05,01:00,2026-07-05 01:00:00,星期日,第1场1/16决赛胜者,第3场1/16决赛胜者,1,休斯顿体育场,,,1783184400000
5403485,232928,1/8决赛,,,2026-07-05,05:00,2026-07-05 05:00:00,星期日,第2场1/16决赛胜者,第5场1/16决赛胜者,1,费城体育场,,,1783198800000
5403486,232928,1/8决赛,,,2026-07-06,04:00,2026-07-06 04:00:00,星期一,第4场1/16决赛胜者,第6场1/16决赛胜者,1,纽约/新泽西体育场,,,1783281600000
5403487,232928,1/8决赛,,,2026-07-06,08:00,2026-07-06 08:00:00,星期一,第7场1/16决赛胜者,第8场1/16决赛胜者,1,墨西哥城体育场,,,1783296000000
5403488,232928,1/8决赛,,,2026-07-07,03:00,2026-07-07 03:00:00,星期二,第11场1/16决赛胜者,第12场1/16决赛胜者,1,达拉斯体育场,,,1783364400000
5403489,232928,1/8决赛,,,2026-07-07,08:00,2026-07-07 08:00:00,星期二,第9场1/16决赛胜者,第10场1/16决赛胜者,1,西雅图体育场,,,1783382400000
5403490,232928,1/8决赛,,,2026-07-08,00:00,2026-07-08 00:00:00,星期三,第14场1/16决赛胜者,第16场1/16决赛胜者,1,亚特兰大体育场,,,1783440000000
5403491,232928,1/8决赛,,,2026-07-08,04:00,2026-07-08 04:00:00,星期三,第13场1/16决赛胜者,第15场1/16决赛胜者,1,不列颠哥伦比亚广场,,,1783454400000
5403492,232929,1/4决赛,,,2026-07-10,04:00,2026-07-10 04:00:00,星期五,第1场1/8决赛胜者,第2场1/8决赛胜者,1,波士顿体育场,,,1783627200000
5403493,232929,1/4决赛,,,2026-07-11,03:00,2026-07-11 03:00:00,星期六,第5场1/8决赛胜者,第6场1/8决赛胜者,1,洛杉矶体育场,,,1783710000000
5403494,232929,1/4决赛,,,2026-07-12,05:00,2026-07-12 05:00:00,星期日,第3场1/8决赛胜者,第4场1/8决赛胜者,1,迈阿密体育场,,,1783803600000
5403495,232929,1/4决赛,,,2026-07-12,09:00,2026-07-12 09:00:00,星期日,第7场1/8决赛胜者,第8场1/8决赛胜者,1,堪萨斯城体育场,,,1783818000000
5403496,232930,半决赛,,,2026-07-15,03:00,2026-07-15 03:00:00,星期三,第1场1/4决赛胜者,第2场1/4决赛胜者,1,达拉斯体育场,,,1784055600000
5403497,232930,半决赛,,,2026-07-16,03:00,2026-07-16 03:00:00,星期四,第3场1/4决赛胜者,第4场1/4决赛胜者,1,亚特兰大体育场,,,1784142000000
5403498,232931,季军赛,,,2026-07-19,05:00,2026-07-19 05:00:00,星期日,第1场半决赛败者,第2场半决赛败者,1,迈阿密体育场,,,1784408400000
5403499,232932,决赛,,,2026-07-20,03:00,2026-07-20 03:00:00,星期一,第1场半决赛胜者,第2场半决赛胜者,1,纽约/新泽西体育场,,,1784487600000
